{
    "name": "All Requests",
    "numberOfRequests": {
        "total": 84,
        "ok": 32,
        "ko": 52
    },
    "minResponseTime": {
        "total": 244,
        "ok": 244,
        "ko": 10003
    },
    "maxResponseTime": {
        "total": 10132,
        "ok": 1802,
        "ko": 10132
    },
    "meanResponseTime": {
        "total": 6355,
        "ok": 409,
        "ko": 10014
    },
    "standardDeviation": {
        "total": 4672,
        "ok": 411,
        "ko": 21
    },
    "percentiles1": {
        "total": 10005,
        "ok": 260,
        "ko": 10007
    },
    "percentiles2": {
        "total": 10009,
        "ok": 270,
        "ko": 10012
    },
    "percentiles3": {
        "total": 10035,
        "ok": 1580,
        "ko": 10049
    },
    "percentiles4": {
        "total": 10071,
        "ok": 1746,
        "ko": 10094
    },
    "group1": {
    "name": "t < 800 ms",
    "htmlName": "t < 800 ms",
    "count": 29,
    "percentage": 34.523809523809526
},
    "group2": {
    "name": "800 ms <= t < 1200 ms",
    "htmlName": "t >= 800 ms <br> t < 1200 ms",
    "count": 0,
    "percentage": 0.0
},
    "group3": {
    "name": "t >= 1200 ms",
    "htmlName": "t >= 1200 ms",
    "count": 3,
    "percentage": 3.571428571428571
},
    "group4": {
    "name": "failed",
    "htmlName": "failed",
    "count": 52,
    "percentage": 61.904761904761905
},
    "meanNumberOfRequestsPerSecond": {
        "total": 0.9130434782608695,
        "ok": 0.34782608695652173,
        "ko": 0.5652173913043478
    }
}